,instrumentID,tradedate
0,IH1505    ,2015-04-16
1,IH1505    ,2015-04-17
2,IH1505    ,2015-04-20
3,IH1505    ,2015-04-21
4,IH1505    ,2015-04-22
5,IH1505    ,2015-04-23
6,IH1505    ,2015-04-24
7,IH1505    ,2015-04-27
8,IH1505    ,2015-04-28
9,IH1505    ,2015-04-29
10,IH1505    ,2015-04-30
11,IH1505    ,2015-05-04
12,IH1505    ,2015-05-05
13,IH1505    ,2015-05-06
14,IH1505    ,2015-05-07
15,IH1505    ,2015-05-08
16,IH1505    ,2015-05-11
17,IH1505    ,2015-05-12
18,IH1505    ,2015-05-13
19,IH1505    ,2015-05-14
20,IH1505    ,2015-05-15
21,IH1506    ,2015-05-18
22,IH1506    ,2015-05-19
23,IH1506    ,2015-05-20
24,IH1506    ,2015-05-21
25,IH1506    ,2015-05-22
26,IH1506    ,2015-05-25
27,IH1506    ,2015-05-26
28,IH1506    ,2015-05-27
29,IH1506    ,2015-05-28
30,IH1506    ,2015-05-29
31,IH1506    ,2015-06-01
32,IH1506    ,2015-06-02
33,IH1506    ,2015-06-03
34,IH1506    ,2015-06-04
35,IH1506    ,2015-06-05
36,IH1506    ,2015-06-08
37,IH1506    ,2015-06-09
38,IH1506    ,2015-06-10
39,IH1506    ,2015-06-11
40,IH1506    ,2015-06-12
41,IH1506    ,2015-06-15
42,IH1506    ,2015-06-16
43,IH1506    ,2015-06-17
44,IH1506    ,2015-06-18
45,IH1507    ,2015-06-19
46,IH1507    ,2015-06-23
47,IH1507    ,2015-06-24
48,IH1507    ,2015-06-25
49,IH1507    ,2015-06-26
50,IH1507    ,2015-06-29
51,IH1507    ,2015-06-30
52,IH1507    ,2015-07-01
53,IH1507    ,2015-07-02
54,IH1507    ,2015-07-03
55,IH1507    ,2015-07-06
56,IH1507    ,2015-07-07
57,IH1507    ,2015-07-08
58,IH1507    ,2015-07-09
59,IH1507    ,2015-07-10
60,IH1507    ,2015-07-13
61,IH1507    ,2015-07-14
62,IH1507    ,2015-07-15
63,IH1507    ,2015-07-16
64,IH1508    ,2015-07-17
65,IH1508    ,2015-07-20
66,IH1508    ,2015-07-21
67,IH1508    ,2015-07-22
68,IH1508    ,2015-07-23
69,IH1508    ,2015-07-24
70,IH1508    ,2015-07-27
71,IH1508    ,2015-07-28
72,IH1508    ,2015-07-29
73,IH1508    ,2015-07-30
74,IH1508    ,2015-07-31
75,IH1508    ,2015-08-03
76,IH1508    ,2015-08-04
77,IH1508    ,2015-08-05
78,IH1508    ,2015-08-06
79,IH1508    ,2015-08-07
80,IH1508    ,2015-08-10
81,IH1508    ,2015-08-11
82,IH1508    ,2015-08-12
83,IH1508    ,2015-08-13
84,IH1508    ,2015-08-14
85,IH1508    ,2015-08-17
86,IH1508    ,2015-08-18
87,IH1508    ,2015-08-19
88,IH1508    ,2015-08-20
89,IH1509    ,2015-08-21
90,IH1509    ,2015-08-24
91,IH1509    ,2015-08-25
92,IH1509    ,2015-08-26
93,IH1509    ,2015-08-27
94,IH1509    ,2015-08-28
95,IH1509    ,2015-08-31
96,IH1509    ,2015-09-01
97,IH1509    ,2015-09-02
98,IH1509    ,2015-09-07
99,IH1509    ,2015-09-08
100,IH1509    ,2015-09-09
101,IH1509    ,2015-09-10
102,IH1509    ,2015-09-11
103,IH1509    ,2015-09-14
104,IH1509    ,2015-09-15
105,IH1509    ,2015-09-16
106,IH1509    ,2015-09-17
107,IH1510    ,2015-09-18
108,IH1510    ,2015-09-21
109,IH1510    ,2015-09-22
110,IH1510    ,2015-09-23
111,IH1510    ,2015-09-24
112,IH1510    ,2015-09-25
113,IH1510    ,2015-09-28
114,IH1510    ,2015-09-29
115,IH1510    ,2015-09-30
116,IH1510    ,2015-10-08
117,IH1510    ,2015-10-09
118,IH1510    ,2015-10-12
119,IH1510    ,2015-10-13
120,IH1510    ,2015-10-14
121,IH1510    ,2015-10-15
122,IH1511    ,2015-10-16
123,IH1511    ,2015-10-19
124,IH1511    ,2015-10-20
125,IH1511    ,2015-10-21
126,IH1511    ,2015-10-22
127,IH1511    ,2015-10-23
128,IH1511    ,2015-10-26
129,IH1511    ,2015-10-27
130,IH1511    ,2015-10-28
131,IH1511    ,2015-10-29
132,IH1511    ,2015-10-30
133,IH1511    ,2015-11-02
134,IH1511    ,2015-11-03
135,IH1511    ,2015-11-04
136,IH1511    ,2015-11-05
137,IH1511    ,2015-11-06
138,IH1511    ,2015-11-09
139,IH1511    ,2015-11-10
140,IH1511    ,2015-11-11
141,IH1511    ,2015-11-12
142,IH1511    ,2015-11-13
143,IH1511    ,2015-11-16
144,IH1511    ,2015-11-17
145,IH1511    ,2015-11-18
146,IH1511    ,2015-11-19
147,IH1512    ,2015-11-20
148,IH1512    ,2015-11-23
149,IH1512    ,2015-11-24
150,IH1512    ,2015-11-25
151,IH1512    ,2015-11-26
152,IH1512    ,2015-11-27
153,IH1512    ,2015-11-30
154,IH1512    ,2015-12-01
155,IH1512    ,2015-12-02
156,IH1512    ,2015-12-03
157,IH1512    ,2015-12-04
158,IH1512    ,2015-12-07
159,IH1512    ,2015-12-08
160,IH1512    ,2015-12-09
161,IH1512    ,2015-12-10
162,IH1512    ,2015-12-11
163,IH1512    ,2015-12-14
164,IH1512    ,2015-12-15
165,IH1512    ,2015-12-16
166,IH1512    ,2015-12-17
167,IH1601    ,2015-12-18
168,IH1601    ,2015-12-21
169,IH1601    ,2015-12-22
170,IH1601    ,2015-12-23
171,IH1601    ,2015-12-24
172,IH1601    ,2015-12-25
173,IH1601    ,2015-12-28
174,IH1601    ,2015-12-29
175,IH1601    ,2015-12-30
176,IH1601    ,2015-12-31
177,IH1601    ,2016-01-04
178,IH1601    ,2016-01-05
179,IH1601    ,2016-01-06
180,IH1601    ,2016-01-07
181,IH1601    ,2016-01-08
182,IH1601    ,2016-01-11
183,IH1601    ,2016-01-12
184,IH1601    ,2016-01-13
185,IH1601    ,2016-01-14
186,IH1602    ,2016-01-15
187,IH1602    ,2016-01-18
188,IH1602    ,2016-01-19
189,IH1602    ,2016-01-20
190,IH1602    ,2016-01-21
191,IH1602    ,2016-01-22
192,IH1602    ,2016-01-25
193,IH1602    ,2016-01-26
194,IH1602    ,2016-01-27
195,IH1602    ,2016-01-28
196,IH1602    ,2016-01-29
197,IH1602    ,2016-02-01
198,IH1602    ,2016-02-02
199,IH1602    ,2016-02-03
200,IH1602    ,2016-02-04
201,IH1602    ,2016-02-05
202,IH1602    ,2016-02-15
203,IH1602    ,2016-02-16
204,IH1602    ,2016-02-17
205,IH1602    ,2016-02-18
206,IH1603    ,2016-02-19
207,IH1603    ,2016-02-22
208,IH1603    ,2016-02-23
209,IH1603    ,2016-02-24
210,IH1603    ,2016-02-25
211,IH1603    ,2016-02-26
212,IH1603    ,2016-02-29
213,IH1603    ,2016-03-01
214,IH1603    ,2016-03-02
215,IH1603    ,2016-03-03
216,IH1603    ,2016-03-04
217,IH1603    ,2016-03-07
218,IH1603    ,2016-03-08
219,IH1603    ,2016-03-09
220,IH1603    ,2016-03-10
221,IH1603    ,2016-03-11
222,IH1603    ,2016-03-14
223,IH1603    ,2016-03-15
224,IH1603    ,2016-03-16
225,IH1603    ,2016-03-17
226,IH1604    ,2016-03-18
227,IH1604    ,2016-03-21
228,IH1604    ,2016-03-22
229,IH1604    ,2016-03-23
230,IH1604    ,2016-03-24
231,IH1604    ,2016-03-25
232,IH1604    ,2016-03-28
233,IH1604    ,2016-03-29
234,IH1604    ,2016-03-30
235,IH1604    ,2016-03-31
236,IH1604    ,2016-04-01
237,IH1604    ,2016-04-05
238,IH1604    ,2016-04-06
239,IH1604    ,2016-04-07
240,IH1604    ,2016-04-08
241,IH1604    ,2016-04-11
242,IH1604    ,2016-04-12
243,IH1604    ,2016-04-13
244,IH1604    ,2016-04-14
245,IH1605    ,2016-04-15
246,IH1605    ,2016-04-18
247,IH1605    ,2016-04-19
248,IH1605    ,2016-04-20
249,IH1605    ,2016-04-21
250,IH1605    ,2016-04-22
251,IH1605    ,2016-04-25
252,IH1605    ,2016-04-26
253,IH1605    ,2016-04-27
254,IH1605    ,2016-04-28
255,IH1605    ,2016-04-29
256,IH1605    ,2016-05-03
257,IH1605    ,2016-05-04
258,IH1605    ,2016-05-05
259,IH1605    ,2016-05-06
260,IH1605    ,2016-05-09
261,IH1605    ,2016-05-10
262,IH1605    ,2016-05-11
263,IH1605    ,2016-05-12
264,IH1605    ,2016-05-13
265,IH1605    ,2016-05-16
266,IH1605    ,2016-05-17
267,IH1605    ,2016-05-18
268,IH1605    ,2016-05-19
269,IH1606    ,2016-05-20
270,IH1606    ,2016-05-23
271,IH1606    ,2016-05-24
272,IH1606    ,2016-05-25
273,IH1606    ,2016-05-26
274,IH1606    ,2016-05-27
275,IH1606    ,2016-05-30
276,IH1606    ,2016-05-31
277,IH1606    ,2016-06-01
278,IH1606    ,2016-06-02
279,IH1606    ,2016-06-03
280,IH1606    ,2016-06-06
281,IH1606    ,2016-06-07
282,IH1606    ,2016-06-08
283,IH1606    ,2016-06-13
284,IH1606    ,2016-06-14
285,IH1606    ,2016-06-15
286,IH1606    ,2016-06-16
287,IH1607    ,2016-06-17
288,IH1607    ,2016-06-20
289,IH1607    ,2016-06-21
290,IH1607    ,2016-06-22
291,IH1607    ,2016-06-23
292,IH1607    ,2016-06-24
293,IH1607    ,2016-06-27
294,IH1607    ,2016-06-28
295,IH1607    ,2016-06-29
296,IH1607    ,2016-06-30
297,IH1607    ,2016-07-01
298,IH1607    ,2016-07-04
299,IH1607    ,2016-07-05
300,IH1607    ,2016-07-06
301,IH1607    ,2016-07-07
302,IH1607    ,2016-07-08
303,IH1607    ,2016-07-11
304,IH1607    ,2016-07-12
305,IH1607    ,2016-07-13
306,IH1607    ,2016-07-14
307,IH1608    ,2016-07-15
308,IH1608    ,2016-07-18
309,IH1608    ,2016-07-19
310,IH1608    ,2016-07-20
311,IH1608    ,2016-07-21
312,IH1608    ,2016-07-22
313,IH1608    ,2016-07-25
314,IH1608    ,2016-07-26
315,IH1608    ,2016-07-27
316,IH1608    ,2016-07-28
317,IH1608    ,2016-07-29
318,IH1608    ,2016-08-01
319,IH1608    ,2016-08-02
320,IH1608    ,2016-08-03
321,IH1608    ,2016-08-04
322,IH1608    ,2016-08-05
323,IH1608    ,2016-08-08
324,IH1608    ,2016-08-09
325,IH1608    ,2016-08-10
326,IH1608    ,2016-08-11
327,IH1608    ,2016-08-12
328,IH1608    ,2016-08-15
329,IH1608    ,2016-08-16
330,IH1608    ,2016-08-17
331,IH1608    ,2016-08-18
332,IH1609    ,2016-08-19
333,IH1609    ,2016-08-22
334,IH1609    ,2016-08-23
335,IH1609    ,2016-08-24
336,IH1609    ,2016-08-25
337,IH1609    ,2016-08-26
338,IH1609    ,2016-08-29
339,IH1609    ,2016-08-30
340,IH1609    ,2016-08-31
341,IH1609    ,2016-09-01
342,IH1609    ,2016-09-02
343,IH1609    ,2016-09-05
344,IH1609    ,2016-09-06
345,IH1609    ,2016-09-07
346,IH1609    ,2016-09-08
347,IH1609    ,2016-09-09
348,IH1609    ,2016-09-12
349,IH1609    ,2016-09-13
350,IH1609    ,2016-09-14
351,IH1610    ,2016-09-19
352,IH1610    ,2016-09-20
353,IH1610    ,2016-09-21
354,IH1610    ,2016-09-22
355,IH1610    ,2016-09-23
356,IH1610    ,2016-09-26
357,IH1610    ,2016-09-27
358,IH1610    ,2016-09-28
359,IH1610    ,2016-09-29
360,IH1610    ,2016-09-30
361,IH1610    ,2016-10-10
362,IH1610    ,2016-10-11
363,IH1610    ,2016-10-12
364,IH1610    ,2016-10-13
365,IH1610    ,2016-10-14
366,IH1610    ,2016-10-17
367,IH1610    ,2016-10-18
368,IH1610    ,2016-10-19
369,IH1610    ,2016-10-20
370,IH1611    ,2016-10-21
371,IH1611    ,2016-10-24
372,IH1611    ,2016-10-25
373,IH1611    ,2016-10-26
374,IH1611    ,2016-10-27
375,IH1611    ,2016-10-28
376,IH1611    ,2016-10-31
377,IH1611    ,2016-11-01
378,IH1611    ,2016-11-02
379,IH1611    ,2016-11-03
380,IH1611    ,2016-11-04
381,IH1611    ,2016-11-07
382,IH1611    ,2016-11-08
383,IH1611    ,2016-11-09
384,IH1611    ,2016-11-10
385,IH1611    ,2016-11-11
386,IH1611    ,2016-11-14
387,IH1611    ,2016-11-15
388,IH1611    ,2016-11-16
389,IH1611    ,2016-11-17
390,IH1612    ,2016-11-18
391,IH1612    ,2016-11-21
392,IH1612    ,2016-11-22
393,IH1612    ,2016-11-23
394,IH1612    ,2016-11-24
395,IH1612    ,2016-11-25
396,IH1612    ,2016-11-28
397,IH1612    ,2016-11-29
398,IH1612    ,2016-11-30
399,IH1612    ,2016-12-01
400,IH1612    ,2016-12-02
401,IH1612    ,2016-12-05
402,IH1612    ,2016-12-06
403,IH1612    ,2016-12-07
404,IH1612    ,2016-12-08
405,IH1612    ,2016-12-09
406,IH1612    ,2016-12-12
407,IH1612    ,2016-12-13
408,IH1612    ,2016-12-14
409,IH1612    ,2016-12-15
410,IH1701    ,2016-12-16
411,IH1701    ,2016-12-19
412,IH1701    ,2016-12-20
413,IH1701    ,2016-12-21
414,IH1701    ,2016-12-22
415,IH1701    ,2016-12-23
416,IH1701    ,2016-12-26
417,IH1701    ,2016-12-27
418,IH1701    ,2016-12-28
419,IH1701    ,2016-12-29
420,IH1701    ,2016-12-30
421,IH1701    ,2017-01-03
422,IH1701    ,2017-01-04
423,IH1701    ,2017-01-05
424,IH1701    ,2017-01-06
425,IH1701    ,2017-01-09
426,IH1701    ,2017-01-10
427,IH1701    ,2017-01-11
428,IH1701    ,2017-01-12
429,IH1701    ,2017-01-13
430,IH1701    ,2017-01-16
431,IH1701    ,2017-01-17
432,IH1701    ,2017-01-18
433,IH1701    ,2017-01-19
434,IH1702    ,2017-01-20
435,IH1702    ,2017-01-23
436,IH1702    ,2017-01-24
437,IH1702    ,2017-01-25
438,IH1702    ,2017-01-26
439,IH1702    ,2017-02-03
440,IH1702    ,2017-02-06
441,IH1702    ,2017-02-07
442,IH1702    ,2017-02-08
443,IH1702    ,2017-02-09
444,IH1702    ,2017-02-10
445,IH1702    ,2017-02-13
446,IH1702    ,2017-02-14
447,IH1702    ,2017-02-15
448,IH1702    ,2017-02-16
449,IH1703    ,2017-02-17
450,IH1703    ,2017-02-20
451,IH1703    ,2017-02-21
452,IH1703    ,2017-02-22
453,IH1703    ,2017-02-23
454,IH1703    ,2017-02-24
455,IH1703    ,2017-02-27
456,IH1703    ,2017-02-28
457,IH1703    ,2017-03-01
458,IH1703    ,2017-03-02
459,IH1703    ,2017-03-03
460,IH1703    ,2017-03-06
461,IH1703    ,2017-03-07
462,IH1703    ,2017-03-08
463,IH1703    ,2017-03-09
464,IH1703    ,2017-03-10
465,IH1703    ,2017-03-13
466,IH1703    ,2017-03-14
467,IH1703    ,2017-03-15
468,IH1703    ,2017-03-16
469,IH1704    ,2017-03-17
470,IH1704    ,2017-03-20
471,IH1704    ,2017-03-21
472,IH1704    ,2017-03-22
473,IH1704    ,2017-03-23
474,IH1704    ,2017-03-24
475,IH1704    ,2017-03-27
476,IH1704    ,2017-03-28
477,IH1704    ,2017-03-29
478,IH1704    ,2017-03-30
479,IH1704    ,2017-03-31
480,IH1704    ,2017-04-05
481,IH1704    ,2017-04-06
482,IH1704    ,2017-04-07
483,IH1704    ,2017-04-10
484,IH1704    ,2017-04-11
485,IH1704    ,2017-04-12
486,IH1704    ,2017-04-13
487,IH1704    ,2017-04-14
488,IH1704    ,2017-04-17
489,IH1704    ,2017-04-18
490,IH1704    ,2017-04-19
491,IH1704    ,2017-04-20
492,IH1705    ,2017-04-21
493,IH1705    ,2017-04-24
494,IH1705    ,2017-04-25
495,IH1705    ,2017-04-26
496,IH1705    ,2017-04-27
497,IH1705    ,2017-04-28
498,IH1705    ,2017-05-02
499,IH1705    ,2017-05-03
500,IH1705    ,2017-05-04
501,IH1705    ,2017-05-05
502,IH1705    ,2017-05-08
503,IH1705    ,2017-05-09
504,IH1705    ,2017-05-10
505,IH1705    ,2017-05-11
506,IH1705    ,2017-05-12
507,IH1705    ,2017-05-15
508,IH1705    ,2017-05-16
509,IH1705    ,2017-05-17
510,IH1705    ,2017-05-18
511,IH1706    ,2017-05-19
512,IH1706    ,2017-05-22
513,IH1706    ,2017-05-23
514,IH1706    ,2017-05-24
515,IH1706    ,2017-05-25
516,IH1706    ,2017-05-26
517,IH1706    ,2017-05-31
518,IH1706    ,2017-06-01
519,IH1706    ,2017-06-02
520,IH1706    ,2017-06-05
521,IH1706    ,2017-06-06
522,IH1706    ,2017-06-07
523,IH1706    ,2017-06-08
524,IH1706    ,2017-06-09
525,IH1706    ,2017-06-12
526,IH1706    ,2017-06-13
527,IH1706    ,2017-06-14
528,IH1706    ,2017-06-15
529,IH1707                        ,2017-06-16
530,IH1707                        ,2017-06-19
531,IH1707                        ,2017-06-20
532,IH1707                        ,2017-06-21
533,IH1707                        ,2017-06-22
534,IH1707                        ,2017-06-23
535,IH1707                        ,2017-06-26
536,IH1707                        ,2017-06-27
537,IH1707                        ,2017-06-28
538,IH1707                        ,2017-06-29
539,IH1707                        ,2017-06-30
540,IH1707                        ,2017-07-03
541,IH1707                        ,2017-07-04
542,IH1707                        ,2017-07-05
543,IH1707                        ,2017-07-06
544,IH1707                        ,2017-07-07
545,IH1707                        ,2017-07-10
546,IH1707                        ,2017-07-11
547,IH1707                        ,2017-07-12
548,IH1707                        ,2017-07-13
549,IH1707                        ,2017-07-14
550,IH1707                        ,2017-07-17
551,IH1707                        ,2017-07-18
552,IH1707                        ,2017-07-19
553,IH1707                        ,2017-07-20
554,IH1708                        ,2017-07-21
555,IH1708                        ,2017-07-24
556,IH1708                        ,2017-07-25
557,IH1708                        ,2017-07-26
558,IH1708                        ,2017-07-27
559,IH1708                        ,2017-07-28
560,IH1708                        ,2017-07-31
561,IH1708                        ,2017-08-01
562,IH1708                        ,2017-08-02
563,IH1708                        ,2017-08-03
564,IH1708                        ,2017-08-04
565,IH1708                        ,2017-08-07
566,IH1708                        ,2017-08-08
567,IH1708                        ,2017-08-09
568,IH1708                        ,2017-08-10
569,IH1708                        ,2017-08-11
570,IH1708                        ,2017-08-14
571,IH1708                        ,2017-08-15
572,IH1708                        ,2017-08-16
573,IH1708                        ,2017-08-17
574,IH1709    ,2017-08-18
575,IH1709    ,2017-08-21
576,IH1709    ,2017-08-22
577,IH1709    ,2017-08-23
578,IH1709    ,2017-08-24
579,IH1709    ,2017-08-25
580,IH1709    ,2017-08-28
581,IH1709    ,2017-08-29
582,IH1709    ,2017-08-30
583,IH1709    ,2017-08-31
584,IH1709    ,2017-09-01
585,IH1709    ,2017-09-04
586,IH1709    ,2017-09-05
587,IH1709    ,2017-09-06
588,IH1709    ,2017-09-07
589,IH1709    ,2017-09-08
590,IH1709    ,2017-09-11
591,IH1709    ,2017-09-12
592,IH1709    ,2017-09-13
593,IH1709    ,2017-09-14
594,IH1710                        ,2017-09-15
595,IH1710                        ,2017-09-18
596,IH1710                        ,2017-09-19
597,IH1710                        ,2017-09-20
598,IH1710                        ,2017-09-21
599,IH1710                        ,2017-09-22
600,IH1710                        ,2017-09-25
601,IH1710                        ,2017-09-26
602,IH1710                        ,2017-09-27
603,IH1710                        ,2017-09-28
604,IH1710                        ,2017-09-29
605,IH1710                        ,2017-10-09
606,IH1710                        ,2017-10-10
607,IH1710                        ,2017-10-11
608,IH1710                        ,2017-10-12
609,IH1710                        ,2017-10-13
610,IH1710                        ,2017-10-16
611,IH1710                        ,2017-10-17
612,IH1710                        ,2017-10-18
613,IH1710                        ,2017-10-19
614,IH1711                        ,2017-10-20
615,IH1711                        ,2017-10-23
616,IH1711                        ,2017-10-24
617,IH1711                        ,2017-10-25
618,IH1711                        ,2017-10-26
619,IH1711                        ,2017-10-27
620,IH1711                        ,2017-10-30
621,IH1711                        ,2017-10-31
622,IH1711                        ,2017-11-01
623,IH1711                        ,2017-11-02
624,IH1711                        ,2017-11-03
625,IH1711                        ,2017-11-06
626,IH1711                        ,2017-11-07
627,IH1711                        ,2017-11-08
628,IH1711                        ,2017-11-09
629,IH1711                        ,2017-11-10
630,IH1711                        ,2017-11-13
631,IH1711                        ,2017-11-14
632,IH1711                        ,2017-11-15
633,IH1711                        ,2017-11-16
634,IH1712                        ,2017-11-17
635,IH1712                        ,2017-11-20
636,IH1712                        ,2017-11-21
637,IH1712                        ,2017-11-22
638,IH1712                        ,2017-11-23
639,IH1712                        ,2017-11-24
640,IH1712                        ,2017-11-27
641,IH1712                        ,2017-11-28
642,IH1712                        ,2017-11-29
643,IH1712                        ,2017-11-30
644,IH1712                        ,2017-12-01
645,IH1712                        ,2017-12-04
646,IH1712                        ,2017-12-05
647,IH1712                        ,2017-12-06
648,IH1712                        ,2017-12-07
649,IH1712                        ,2017-12-08
650,IH1712                        ,2017-12-11
651,IH1712                        ,2017-12-12
652,IH1712                        ,2017-12-13
653,IH1712                        ,2017-12-14
654,IH1801                        ,2017-12-15
655,IH1801                        ,2017-12-18
656,IH1801                        ,2017-12-19
657,IH1801                        ,2017-12-20
658,IH1801                        ,2017-12-21
659,IH1801                        ,2017-12-22
660,IH1801                        ,2017-12-25
661,IH1801                        ,2017-12-26
662,IH1801                        ,2017-12-27
663,IH1801                        ,2017-12-28
664,IH1801                        ,2017-12-29
665,IH1801                        ,2018-01-02
666,IH1801                        ,2018-01-03
667,IH1801                        ,2018-01-04
668,IH1801                        ,2018-01-05
669,IH1801                        ,2018-01-08
670,IH1801                        ,2018-01-09
671,IH1801                        ,2018-01-10
672,IH1801                        ,2018-01-11
673,IH1801                        ,2018-01-12
674,IH1801                        ,2018-01-15
675,IH1801                        ,2018-01-16
676,IH1801                        ,2018-01-17
677,IH1801                        ,2018-01-18
678,IH1802                        ,2018-01-19
679,IH1802                        ,2018-01-22
680,IH1802                        ,2018-01-23
681,IH1802                        ,2018-01-24
682,IH1802                        ,2018-01-25
683,IH1802                        ,2018-01-26
684,IH1802                        ,2018-01-29
685,IH1802                        ,2018-01-30
686,IH1802                        ,2018-01-31
687,IH1802                        ,2018-02-01
688,IH1802                        ,2018-02-02
689,IH1802                        ,2018-02-05
690,IH1802                        ,2018-02-06
691,IH1802                        ,2018-02-07
692,IH1802                        ,2018-02-08
693,IH1802                        ,2018-02-09
694,IH1802                        ,2018-02-12
695,IH1802                        ,2018-02-13
696,IH1802                        ,2018-02-14
697,IH1803                        ,2018-02-22
698,IH1803                        ,2018-02-23
699,IH1803                        ,2018-02-26
700,IH1803                        ,2018-02-27
701,IH1803                        ,2018-02-28
702,IH1803                        ,2018-03-01
703,IH1803                        ,2018-03-02
704,IH1803                        ,2018-03-05
705,IH1803                        ,2018-03-06
706,IH1803                        ,2018-03-07
707,IH1803                        ,2018-03-08
708,IH1803                        ,2018-03-09
709,IH1803                        ,2018-03-12
710,IH1803                        ,2018-03-13
711,IH1803                        ,2018-03-14
712,IH1803                        ,2018-03-15
713,IH1804                        ,2018-03-16
714,IH1804                        ,2018-03-19
715,IH1804                        ,2018-03-20
716,IH1804                        ,2018-03-21
717,IH1804                        ,2018-03-22
718,IH1804                        ,2018-03-23
719,IH1804                        ,2018-03-26
720,IH1804                        ,2018-03-27
721,IH1804                        ,2018-03-28
722,IH1804                        ,2018-03-29
723,IH1804                        ,2018-03-30
724,IH1804                        ,2018-04-02
725,IH1804                        ,2018-04-03
726,IH1804                        ,2018-04-04
727,IH1804                        ,2018-04-09
728,IH1804                        ,2018-04-10
729,IH1804                        ,2018-04-11
730,IH1804                        ,2018-04-12
731,IH1804                        ,2018-04-13
732,IH1804                        ,2018-04-16
733,IH1804                        ,2018-04-17
734,IH1804                        ,2018-04-18
735,IH1804                        ,2018-04-19
736,IH1805                        ,2018-04-20
737,IH1805                        ,2018-04-23
738,IH1805                        ,2018-04-24
739,IH1805                        ,2018-04-25
740,IH1805                        ,2018-04-26
741,IH1805                        ,2018-04-27
742,IH1805                        ,2018-05-02
743,IH1805                        ,2018-05-03
744,IH1805                        ,2018-05-04
745,IH1805                        ,2018-05-07
746,IH1805                        ,2018-05-08
747,IH1805                        ,2018-05-09
748,IH1805                        ,2018-05-10
749,IH1805                        ,2018-05-11
750,IH1805                        ,2018-05-14
751,IH1805                        ,2018-05-15
752,IH1805                        ,2018-05-16
753,IH1805                        ,2018-05-17
754,IH1806                        ,2018-05-18
755,IH1806                        ,2018-05-21
756,IH1806                        ,2018-05-22
757,IH1806                        ,2018-05-23
758,IH1806                        ,2018-05-24
759,IH1806                        ,2018-05-25
760,IH1806                        ,2018-05-28
761,IH1806                        ,2018-05-29
762,IH1806                        ,2018-05-30
763,IH1806                        ,2018-05-31
764,IH1806                        ,2018-06-01
765,IH1806                        ,2018-06-04
766,IH1806                        ,2018-06-05
767,IH1806                        ,2018-06-06
768,IH1806                        ,2018-06-07
769,IH1806                        ,2018-06-08
770,IH1806                        ,2018-06-11
771,IH1806                        ,2018-06-12
772,IH1806                        ,2018-06-13
773,IH1806                        ,2018-06-14
774,IH1807                        ,2018-06-15
775,IH1807                        ,2018-06-19
776,IH1807                        ,2018-06-20
777,IH1807                        ,2018-06-21
778,IH1807                        ,2018-06-22
779,IH1807                        ,2018-06-25
780,IH1807                        ,2018-06-26
781,IH1807                        ,2018-06-27
782,IH1807                        ,2018-06-28
783,IH1807                        ,2018-06-29
784,IH1807                        ,2018-07-02
785,IH1807                        ,2018-07-03
786,IH1807                        ,2018-07-04
787,IH1807                        ,2018-07-05
788,IH1807                        ,2018-07-06
789,IH1807                        ,2018-07-09
790,IH1807                        ,2018-07-10
791,IH1807                        ,2018-07-11
792,IH1807                        ,2018-07-12
793,IH1807                        ,2018-07-13
794,IH1807                        ,2018-07-16
795,IH1807                        ,2018-07-17
796,IH1807                        ,2018-07-18
797,IH1807                        ,2018-07-19
798,IH1808                        ,2018-07-20
799,IH1808                        ,2018-07-23
800,IH1808                        ,2018-07-24
801,IH1808                        ,2018-07-25
802,IH1808                        ,2018-07-26
803,IH1808                        ,2018-07-27
804,IH1808                        ,2018-07-30
805,IH1808                        ,2018-07-31
806,IH1808                        ,2018-08-01
807,IH1808                        ,2018-08-02
808,IH1808                        ,2018-08-03
809,IH1808                        ,2018-08-06
810,IH1808                        ,2018-08-07
811,IH1808                        ,2018-08-08
812,IH1808                        ,2018-08-09
813,IH1808                        ,2018-08-10
814,IH1808                        ,2018-08-13
815,IH1808                        ,2018-08-14
816,IH1808                        ,2018-08-15
817,IH1808                        ,2018-08-16
818,IH1809                        ,2018-08-17
819,IH1809                        ,2018-08-20
820,IH1809                        ,2018-08-21
821,IH1809                        ,2018-08-22
822,IH1809                        ,2018-08-23
823,IH1809                        ,2018-08-24
824,IH1809                        ,2018-08-27
825,IH1809                        ,2018-08-28
826,IH1809                        ,2018-08-29
827,IH1809                        ,2018-08-30
828,IH1809                        ,2018-08-31
829,IH1809                        ,2018-09-03
830,IH1809                        ,2018-09-04
831,IH1809                        ,2018-09-05
832,IH1809                        ,2018-09-06
833,IH1809                        ,2018-09-07
834,IH1809                        ,2018-09-10
835,IH1809                        ,2018-09-11
836,IH1809                        ,2018-09-12
837,IH1809                        ,2018-09-13
838,IH1809                        ,2018-09-14
839,IH1809                        ,2018-09-17
840,IH1809                        ,2018-09-18
841,IH1809                        ,2018-09-19
842,IH1809                        ,2018-09-20
843,IH1810                        ,2018-09-21
844,IH1810                        ,2018-09-25
845,IH1810                        ,2018-09-26
846,IH1810                        ,2018-09-27
847,IH1810                        ,2018-09-28
848,IH1810                        ,2018-10-08
849,IH1810                        ,2018-10-09
850,IH1810                        ,2018-10-10
851,IH1810                        ,2018-10-11
852,IH1810                        ,2018-10-12
853,IH1810                        ,2018-10-15
854,IH1810                        ,2018-10-16
855,IH1810                        ,2018-10-17
856,IH1810                        ,2018-10-18
857,IH1811                        ,2018-10-19
858,IH1811                        ,2018-10-22
859,IH1811                        ,2018-10-23
860,IH1811                        ,2018-10-24
861,IH1811                        ,2018-10-25
862,IH1811                        ,2018-10-26
863,IH1811                        ,2018-10-29
864,IH1811                        ,2018-10-30
865,IH1811                        ,2018-10-31
866,IH1811                        ,2018-11-01
867,IH1811                        ,2018-11-02
868,IH1811                        ,2018-11-05
869,IH1811                        ,2018-11-06
870,IH1811                        ,2018-11-07
871,IH1811                        ,2018-11-08
872,IH1811                        ,2018-11-09
873,IH1811                        ,2018-11-12
874,IH1811                        ,2018-11-13
875,IH1811                        ,2018-11-14
876,IH1811                        ,2018-11-15
877,IH1812                        ,2018-11-16
878,IH1812                        ,2018-11-19
879,IH1812                        ,2018-11-20
880,IH1812                        ,2018-11-21
881,IH1812                        ,2018-11-22
882,IH1812                        ,2018-11-23
883,IH1812                        ,2018-11-26
884,IH1812                        ,2018-11-27
885,IH1812                        ,2018-11-28
886,IH1812                        ,2018-11-29
887,IH1812                        ,2018-11-30
888,IH1812                        ,2018-12-03
889,IH1812                        ,2018-12-04
890,IH1812                        ,2018-12-05
891,IH1812                        ,2018-12-06
892,IH1812                        ,2018-12-07
893,IH1812                        ,2018-12-10
894,IH1812                        ,2018-12-11
895,IH1812                        ,2018-12-12
896,IH1812                        ,2018-12-13
897,IH1812                        ,2018-12-14
898,IH1812                        ,2018-12-17
899,IH1812                        ,2018-12-18
900,IH1812                        ,2018-12-19
901,IH1812                        ,2018-12-20
902,IH1901                        ,2018-12-21
903,IH1901                        ,2018-12-24
904,IH1901                        ,2018-12-25
905,IH1901                        ,2018-12-26
906,IH1901                        ,2018-12-27
907,IH1901                        ,2018-12-28
908,IH1901                        ,2019-01-02
909,IH1901                        ,2019-01-03
910,IH1901                        ,2019-01-04
911,IH1901                        ,2019-01-07
912,IH1901                        ,2019-01-08
913,IH1901                        ,2019-01-09
914,IH1901                        ,2019-01-10
915,IH1901                        ,2019-01-11
916,IH1901                        ,2019-01-14
917,IH1901                        ,2019-01-15
918,IH1901                        ,2019-01-16
919,IH1901                        ,2019-01-17
920,IH1902                        ,2019-01-18
921,IH1902                        ,2019-01-21
922,IH1902                        ,2019-01-22
923,IH1902                        ,2019-01-23
924,IH1902                        ,2019-01-24
925,IH1902                        ,2019-01-25
926,IH1902                        ,2019-01-28
927,IH1902                        ,2019-01-29
928,IH1902                        ,2019-01-30
929,IH1902                        ,2019-01-31
930,IH1902                        ,2019-02-01
931,IH1902                        ,2019-02-11
932,IH1902                        ,2019-02-12
933,IH1902                        ,2019-02-13
934,IH1902                        ,2019-02-14
935,IH1903                        ,2019-02-15
936,IH1903                        ,2019-02-18
937,IH1903                        ,2019-02-19
938,IH1903                        ,2019-02-20
939,IH1903                        ,2019-02-21
940,IH1903                        ,2019-02-22
941,IH1903                        ,2019-02-25
942,IH1903                        ,2019-02-26
943,IH1903                        ,2019-02-27
944,IH1903                        ,2019-02-28
945,IH1903                        ,2019-03-01
946,IH1903                        ,2019-03-04
947,IH1903                        ,2019-03-05
948,IH1903                        ,2019-03-06
949,IH1903                        ,2019-03-07
950,IH1903                        ,2019-03-08
951,IH1903                        ,2019-03-11
952,IH1903                        ,2019-03-12
953,IH1903                        ,2019-03-13
954,IH1903                        ,2019-03-14
955,IH1904                        ,2019-03-15
956,IH1904                        ,2019-03-18
957,IH1904                        ,2019-03-19
958,IH1904                        ,2019-03-20
959,IH1904                        ,2019-03-21
960,IH1904                        ,2019-03-22
961,IH1904                        ,2019-03-25
962,IH1904                        ,2019-03-26
963,IH1904                        ,2019-03-27
964,IH1904                        ,2019-03-28
965,IH1904                        ,2019-03-29
966,IH1904                        ,2019-04-01
967,IH1904                        ,2019-04-02
968,IH1904                        ,2019-04-03
969,IH1904                        ,2019-04-04
970,IH1904                        ,2019-04-08
971,IH1904                        ,2019-04-09
972,IH1904                        ,2019-04-10
973,IH1904                        ,2019-04-11
974,IH1904                        ,2019-04-12
975,IH1904                        ,2019-04-15
976,IH1904                        ,2019-04-16
977,IH1904                        ,2019-04-17
978,IH1904                        ,2019-04-18
979,IH1905                        ,2019-04-19
980,IH1905                        ,2019-04-22
981,IH1905                        ,2019-04-23
982,IH1905                        ,2019-04-24
983,IH1905                        ,2019-04-25
984,IH1905                        ,2019-04-26
985,IH1905                        ,2019-04-29
986,IH1905                        ,2019-04-30
987,IH1905                        ,2019-05-06
988,IH1905                        ,2019-05-07
989,IH1905                        ,2019-05-08
990,IH1905                        ,2019-05-09
991,IH1905                        ,2019-05-10
992,IH1905                        ,2019-05-13
993,IH1905                        ,2019-05-14
994,IH1905                        ,2019-05-15
995,IH1905                        ,2019-05-16
996,IH1906                        ,2019-05-17
997,IH1906                        ,2019-05-20
998,IH1906                        ,2019-05-21
999,IH1906                        ,2019-05-22
1000,IH1906                        ,2019-05-23
1001,IH1906                        ,2019-05-24
1002,IH1906                        ,2019-05-27
1003,IH1906                        ,2019-05-28
1004,IH1906                        ,2019-05-29
1005,IH1906                        ,2019-05-30
1006,IH1906                        ,2019-05-31
1007,IH1906                        ,2019-06-03
1008,IH1906                        ,2019-06-04
1009,IH1906                        ,2019-06-05
1010,IH1906                        ,2019-06-06
1011,IH1906                        ,2019-06-10
1012,IH1906                        ,2019-06-11
1013,IH1906                        ,2019-06-12
1014,IH1906                        ,2019-06-13
1015,IH1906                        ,2019-06-14
1016,IH1906                        ,2019-06-17
1017,IH1906                        ,2019-06-18
1018,IH1906                        ,2019-06-19
1019,IH1906                        ,2019-06-20
1020,IH1907                        ,2019-06-21
1021,IH1907                        ,2019-06-24
1022,IH1907                        ,2019-06-25
1023,IH1907                        ,2019-06-26
1024,IH1907                        ,2019-06-27
1025,IH1907                        ,2019-06-28
1026,IH1907                        ,2019-07-01
1027,IH1907                        ,2019-07-02
1028,IH1907                        ,2019-07-03
1029,IH1907                        ,2019-07-04
1030,IH1907                        ,2019-07-05
1031,IH1907                        ,2019-07-08
1032,IH1907                        ,2019-07-09
1033,IH1907                        ,2019-07-10
1034,IH1907                        ,2019-07-11
1035,IH1907                        ,2019-07-12
1036,IH1907                        ,2019-07-15
1037,IH1907                        ,2019-07-16
1038,IH1907                        ,2019-07-17
1039,IH1907                        ,2019-07-18
1040,IH1908                        ,2019-07-19
1041,IH1908                        ,2019-07-22
1042,IH1908                        ,2019-07-23
1043,IH1908                        ,2019-07-24
1044,IH1908                        ,2019-07-25
1045,IH1908                        ,2019-07-26
1046,IH1908                        ,2019-07-29
1047,IH1908                        ,2019-07-30
1048,IH1908                        ,2019-07-31
1049,IH1908                        ,2019-08-01
1050,IH1908                        ,2019-08-02
1051,IH1908                        ,2019-08-05
1052,IH1908                        ,2019-08-06
1053,IH1908                        ,2019-08-07
1054,IH1908                        ,2019-08-08
1055,IH1908                        ,2019-08-09
1056,IH1908                        ,2019-08-12
1057,IH1908                        ,2019-08-13
1058,IH1908                        ,2019-08-14
1059,IH1908                        ,2019-08-15
1060,IH1909                        ,2019-08-16
1061,IH1909                        ,2019-08-19
1062,IH1909                        ,2019-08-20
1063,IH1909                        ,2019-08-21
1064,IH1909                        ,2019-08-22
1065,IH1909                        ,2019-08-23
1066,IH1909                        ,2019-08-26
1067,IH1909                        ,2019-08-27
1068,IH1909                        ,2019-08-28
1069,IH1910                        ,2019-08-29
